{"cameraMode":{"drawMode":0,"name":"Shaded","section":"Shading Mode"},"sceneLighting":true,"audioPlay":false,"sceneViewState":{"m_AlwaysRefresh":false,"showFog":true,"showSkybox":true,"showFlares":true,"showImageEffects":true,"showParticleSystems":true,"showVisualEffectGraphs":true,"m_FxEnabled":true},"in2DMode":false,"pivot":{"x":-1.9328944683074952,"y":3.6238479614257814,"z":-1.5057249069213868},"rotation":{"x":0.012979775667190552,"y":-0.9606641530990601,"z":0.27364468574523928,"w":0.04556737840175629},"size":6.908198356628418,"orthographic":false}